id,subreddit
dbpp5x,ethereum
dbpqij,ethereum
dbpsdm,ethereum
dbqdqi,ethereum
dbqh7j,ethereum
dbqt63,ethereum
dbqtu2,ethereum
dbqvkz,ethereum
dbqwo1,ethereum
dbqym5,ethereum
dbrib8,ethereum
dbrluo,ethereum
dbroqy,ethereum
dbros7,ethereum
dbruyz,ethereum
dbs1e1,ethereum
dbskci,ethereum
dbsmgk,ethereum
dbsr1r,ethereum
dbtbhw,ethereum
dbtv92,ethereum
dbu2f0,ethereum
dbu2oi,ethereum
dbu6d0,ethereum
dbumxk,ethereum
dbvasa,ethereum
dbvg7b,ethereum
dbvykz,ethereum
dbw6x0,ethereum
dbwbkq,ethereum
dbwvc7,ethereum
dbxij1,ethereum
dbxrrh,ethereum
dbyie5,ethereum
dbz8u8,ethereum
dbz9qv,ethereum
dbzm99,ethereum
dbzw93,ethereum
dc0l1t,ethereum
dc12y0,ethereum
dc195m,ethereum
dc1kb5,ethereum
dc1vb3,ethereum
dc30vb,ethereum
dc4osd,ethereum
dc52up,ethereum
dc5ws3,ethereum
dc68ea,ethereum
dc6n4a,ethereum
dc7azs,ethereum
dc7b3p,ethereum
dc7bf9,ethereum
dc7cea,ethereum
dc7ell,ethereum
dc7f5e,ethereum
dc7mn1,ethereum
dc7n1f,ethereum
dc7n2b,ethereum
dc7qq9,ethereum
dc7rcj,ethereum
dc7v77,ethereum
dc7wk2,ethereum
dc7yo7,ethereum
dc7yxo,ethereum
dc82mq,ethereum
dc84t4,ethereum
dc8lan,ethereum
dc8rho,ethereum
dc955l,ethereum
dc9m93,ethereum
dc9zhv,ethereum
dcailo,ethereum
dcajk0,ethereum
dcao2v,ethereum
dcaokd,ethereum
dcb2e2,ethereum
dcbao7,ethereum
dcbedl,ethereum
dcbfhu,ethereum
dcbgmd,ethereum
dcbh7m,ethereum
dcc2rq,ethereum
dcca4a,ethereum
dccbf7,ethereum
dccdrj,ethereum
dccuzw,ethereum
dcdkzg,ethereum
dcdv6z,ethereum
dcez0x,ethereum
dcf19a,ethereum
dcf5m1,ethereum
dcgvg1,ethereum
dch8vs,ethereum
dchs63,ethereum
dcjvlu,ethereum
dcka7q,ethereum
dckwps,ethereum
dcl4jv,ethereum
dcl4oi,ethereum
dclk14,ethereum
dclsb5,ethereum
dcmfk0,ethereum
dcmtth,ethereum
dcncg2,ethereum
dcntpn,ethereum
dcoj0i,ethereum
dcole0,ethereum
dcon81,ethereum
dcp789,ethereum
dcpg7j,ethereum
dcpjnu,ethereum
dcprw9,ethereum
dcqw0d,ethereum
dcr3a2,ethereum
dcr5su,ethereum
dcragp,ethereum
dcrxd5,ethereum
dcsbls,ethereum
dcsfp9,ethereum
dcsiip,ethereum
dcsmpi,ethereum
dct4on,ethereum
dctceq,ethereum
dctg2p,ethereum
dcux14,ethereum
dcvech,ethereum
dcvs5q,ethereum
dcwi97,ethereum
dcyeig,ethereum
dcypsn,ethereum
dcysda,ethereum
dczer6,ethereum
dd0hlm,ethereum
dd0xym,ethereum
dd1zmi,ethereum
dd25ks,ethereum
dd2a0b,ethereum
dd2rgc,ethereum
dd2yq9,ethereum
dd35ub,ethereum
dd37sz,ethereum
dd3vl3,ethereum
dd4ars,ethereum
dd4bh6,ethereum
dd4zdu,ethereum
dd5gay,ethereum
dd5hkj,ethereum
dd5iew,ethereum
dd5l0k,ethereum
dd5ykc,ethereum
dd60b4,ethereum
dd67vc,ethereum
dd698f,ethereum
dd715m,ethereum
dd77np,ethereum
dd7erp,ethereum
dd7gxt,ethereum
dd7h6t,ethereum
dd7rem,ethereum
dd7sik,ethereum
dd81nj,ethereum
dd8b2r,ethereum
dd8lil,ethereum
dd8u28,ethereum
dd9gbw,ethereum
dd9vvc,ethereum
dd9w7b,ethereum
ddajou,ethereum
ddal8l,ethereum
ddasft,ethereum
ddbol5,ethereum
ddbuyp,ethereum
ddc3as,ethereum
dddjo5,ethereum
ddevo3,ethereum
ddfwba,ethereum
ddg59u,ethereum
ddgkuu,ethereum
ddhcfh,ethereum
ddhsd5,ethereum
ddiuwq,ethereum
ddizlq,ethereum
ddj44r,ethereum
ddjfa9,ethereum
ddk31f,ethereum
ddkdf3,ethereum
ddldk3,ethereum
ddle6d,ethereum
ddn7f5,ethereum
ddnduz,ethereum
ddplop,ethereum
ddraj8,ethereum
ddrddq,ethereum
ddrs6k,ethereum
ddrsjs,ethereum
ddvgqd,ethereum
ddvhp4,ethereum
ddvvrw,ethereum
ddwwdz,ethereum
ddx2l9,ethereum
ddx86v,ethereum
ddy370,ethereum
ddylld,ethereum
ddz53z,ethereum
de1mh0,ethereum
de39ar,ethereum
de3m32,ethereum
de54vj,ethereum
de6rnu,ethereum
de7nl1,ethereum
de88zm,ethereum
de95we,ethereum
de9n5d,ethereum
dedxwu,ethereum
def88m,ethereum
defeuz,ethereum
deg736,ethereum
degakl,ethereum
degmsu,ethereum
degp32,ethereum
dehnvc,ethereum
dehwzu,ethereum
dei5hw,ethereum
dei7zo,ethereum
deigeh,ethereum
dej5t9,ethereum
dej8ac,ethereum
dejd6o,ethereum
dekvv8,ethereum
dekvys,ethereum
del1sq,ethereum
delhle,ethereum
dely4v,ethereum
demcyw,ethereum
den4fi,ethereum
denabx,ethereum
denfef,ethereum
deng09,ethereum
denn5b,ethereum
dep5ha,ethereum
dep76b,ethereum
dergi6,ethereum
derl6m,ethereum
derukk,ethereum
des1bq,ethereum
desao1,ethereum
despu8,ethereum
det0jn,ethereum
detes3,ethereum
detiuq,ethereum
detkuo,ethereum
detkw6,ethereum
detm4t,ethereum
deu47h,ethereum
dewhyu,ethereum
dewiiq,ethereum
dewonf,ethereum
dews10,ethereum
dewvwl,ethereum
dexlvf,ethereum
dexr6s,ethereum
dexyxk,ethereum
dey3bi,ethereum
deyl8l,ethereum
deyrm7,ethereum
dezoed,ethereum
dezybr,ethereum
df03o7,ethereum
df0a3v,ethereum
df1grk,ethereum
df1vdu,ethereum
df2ale,ethereum
df2mbu,ethereum
df2uzt,ethereum
df304i,ethereum
df3dcv,ethereum
df3zuh,ethereum
df46nl,ethereum
df59j8,ethereum
df6dab,ethereum
df6n98,ethereum
df78dc,ethereum
df7vim,ethereum
df8c0m,ethereum
df8v2m,ethereum
df9grj,ethereum
df9jnn,ethereum
dfa9fn,ethereum
dfaeim,ethereum
dfaipe,ethereum
dfatr3,ethereum
dfaxls,ethereum
dfbgbb,ethereum
dfcbun,ethereum
dfcivh,ethereum
dfclwh,ethereum
dfcz7i,ethereum
dfd5eu,ethereum
dfdfbd,ethereum
dfdhgl,ethereum
dfdo3g,ethereum
dfeff5,ethereum
dfesr3,ethereum
dfezie,ethereum
dff7k5,ethereum
dff8wt,ethereum
dffb4f,ethereum
dffyqg,ethereum
dfg0ib,ethereum
dfg543,ethereum
dfg5ny,ethereum
dfh6o8,ethereum
dfhsvm,ethereum
dfht8z,ethereum
dfig7t,ethereum
dfilje,ethereum
dfiz5i,ethereum
dfj9b8,ethereum
dfju2a,ethereum
dfjw8r,ethereum
dfk9ln,ethereum
dfm3up,ethereum
dfmhg3,ethereum
dfmstv,ethereum
dfmt3j,ethereum
dfmy4m,ethereum
dfn4m7,ethereum
dfnr5z,ethereum
dfntx0,ethereum
dfokrb,ethereum
dfp9m7,ethereum
dfq6dw,ethereum
dfq95j,ethereum
dfqa4l,ethereum
dfqwkk,ethereum
dfr4a5,ethereum
dfrjy6,ethereum
dfrkfv,ethereum
dfrl53,ethereum
dfrmjl,ethereum
dfrndd,ethereum
dfsamt,ethereum
dfsd2r,ethereum
dfte8a,ethereum
dfteju,ethereum
dftu1h,ethereum
dfua8c,ethereum
dfuaf1,ethereum
dfuwm6,ethereum
dfv1au,ethereum
dfv20h,ethereum
dfv71o,ethereum
dfvis2,ethereum
dfviwv,ethereum
dfvoxk,ethereum
dfvp48,ethereum
dfw5pe,ethereum
dfw874,ethereum
dfx9fw,ethereum
dfxx0o,ethereum
dfxyt4,ethereum
dfy1ag,ethereum
dfy55k,ethereum
dfykvf,ethereum
dfyo1a,ethereum
dfyudo,ethereum
dfzp7s,ethereum
dfzy7t,ethereum
dg05rs,ethereum
dg0j92,ethereum
dg0pe0,ethereum
dg0zmb,ethereum
dg14n4,ethereum
dg17v6,ethereum
dg1lx6,ethereum
dg1nfg,ethereum
dg1qgr,ethereum
dg1wnv,ethereum
dg31kt,ethereum
dg3b2g,ethereum
dg3mxj,ethereum
dg3orr,ethereum
dg3rqw,ethereum
dg40ju,ethereum
dg472f,ethereum
dg4r06,ethereum
dg5j7h,ethereum
dg6b5f,ethereum
dg6ets,ethereum
dg6igh,ethereum
dg6tsj,ethereum
dg75oo,ethereum
dg768m,ethereum
dg76cx,ethereum
dg77n0,ethereum
dg78hv,ethereum
dg891s,ethereum
dga467,ethereum
dga7sr,ethereum
dgae0z,ethereum
dgah6j,ethereum
dgaoby,ethereum
dgarlp,ethereum
dgasta,ethereum
dgbf8y,ethereum
dgboe4,ethereum
dgcnsp,ethereum
dgcrbx,ethereum
dgcrxo,ethereum
dgcupv,ethereum
dgd945,ethereum
dgde2u,ethereum
dgdk9f,ethereum
dgdvaa,ethereum
dge10g,ethereum
dgecv1,ethereum
dgedpj,ethereum
dgeh1j,ethereum
dgemkk,ethereum
dgf1yw,ethereum
dgfkcy,ethereum
dggrcd,ethereum
dggs2j,ethereum
dgh3p7,ethereum
dghay6,ethereum
dghemq,ethereum
dghiqu,ethereum
dgim74,ethereum
dgio8q,ethereum
dgjmjq,ethereum
dgk0y9,ethereum
dgl5op,ethereum
dglgwe,ethereum
dglm5m,ethereum
dglnt5,ethereum
dglpjh,ethereum
dgmfeq,ethereum
dgnrsd,ethereum
dgonab,ethereum
dgpbzw,ethereum
dgqkc5,ethereum
dgqncs,ethereum
dgt6gl,ethereum
dgu8mr,ethereum
dgvokz,ethereum
dgwbok,ethereum
dgwen9,ethereum
dgwgro,ethereum
dgwjv0,ethereum
dgwkq5,ethereum
dgwyww,ethereum
dgxa6s,ethereum
dgxf5r,ethereum
dgxpqy,ethereum
dgxps3,ethereum
dgxth6,ethereum
dgxty4,ethereum
dgy9xi,ethereum
dgz0sz,ethereum
dgzulw,ethereum
dh01ud,ethereum
dh0kni,ethereum
dh0qdq,ethereum
dh28sp,ethereum
dh2sdi,ethereum
dh33gw,ethereum
dh3bcn,ethereum
dh5dj4,ethereum
dh5eti,ethereum
dh79km,ethereum
dh7tos,ethereum
dh9525,ethereum
dh96v2,ethereum
dha7wc,ethereum
dha8ac,ethereum
dhar88,ethereum
dhbl1r,ethereum
dhc9tl,ethereum
dhcnn7,ethereum
dhcpzv,ethereum
dhdtpb,ethereum
dheej7,ethereum
dhgpnu,ethereum
dhhdci,ethereum
dhhkud,ethereum
dhiriw,ethereum
dhj2id,ethereum
dhj3z8,ethereum
dhlqt9,ethereum
dhlshy,ethereum
dhlvxf,ethereum
dhmm22,ethereum
dhnjis,ethereum
dhnkqy,ethereum
dhnp7n,ethereum
dhnu0d,ethereum
dho1ui,ethereum
dho2s5,ethereum
dhoh1j,ethereum
dhoh1j,ethereum
